Method,Overall performance,Count < 20 performance,20 <= Count < 100 performance,Count >= 100 performance,Number of NA (cannot count)
Human,34.9017191553654,0.5432144762551112,7.408433848414315,95.77939396181368,0.0
GPT initial,66.8210479381493,4.132041927643436,23.89793110524656,203.23436445776517,14.0
GPT all hints,42.07681467665219,3.479833860614468,20.79939311851095,134.03130717988176,36.0
GPT description,72.80336483963355,3.979455436836866,22.24533821868681,209.20542957749896,6.0
GPT direct,46.36194131923389,3.51227356192118,22.73030282830976,142.40205810958685,23.0
GPT indirect,69.9095312568582,3.8304217976015362,22.57317319625551,204.77602093506945,11.0
